{"cameraMode":{"drawMode":0,"name":"Shaded","section":"Shading Mode"},"sceneLighting":true,"audioPlay":false,"sceneViewState":{"showFog":true,"showMaterialUpdate":false,"showSkybox":true,"showFlares":true,"showImageEffects":true,"showParticleSystems":true},"in2DMode":false,"pivot":{"x":0.743408203125,"y":3.54931640625,"z":9.8145751953125},"rotation":{"x":0.2937115728855133,"y":-0.43572065234184267,"z":0.15290652215480805,"w":0.836959183216095},"size":4.070000648498535,"orthographic":true}