{"cameraMode":{"drawMode":0,"name":"Shaded","section":"Shading Mode"},"sceneLighting":true,"audioPlay":false,"sceneViewState":{"showFog":true,"showMaterialUpdate":false,"showSkybox":true,"showFlares":true,"showImageEffects":true,"showParticleSystems":true},"in2DMode":false,"pivot":{"x":1.19482421875,"y":1.058349609375,"z":1.51318359375},"rotation":{"x":0.119712233543396,"y":0.000008573931154387537,"z":-8.049395319176256e-7,"w":0.9928086400032044},"size":4.004279136657715,"orthographic":true}