{"cameraMode":{"drawMode":0,"name":"Shaded","section":"Shading Mode"},"sceneLighting":true,"audioPlay":false,"sceneViewState":{"showFog":true,"showMaterialUpdate":false,"showSkybox":true,"showFlares":true,"showImageEffects":true,"showParticleSystems":true},"in2DMode":false,"pivot":{"x":1.96826171875,"y":1.01806640625,"z":1.8759765625},"rotation":{"x":0.2690742313861847,"y":-0.18068112432956696,"z":0.051466893404722217,"w":0.9446187615394592},"size":4.047845840454102,"orthographic":true}