{"cameraMode":{"drawMode":0,"name":"Shaded","section":"Shading Mode"},"sceneLighting":true,"audioPlay":false,"sceneViewState":{"showFog":true,"showMaterialUpdate":false,"showSkybox":true,"showFlares":true,"showImageEffects":true,"showParticleSystems":true},"in2DMode":false,"pivot":{"x":-0.0026462713722139599,"y":0.7779285907745361,"z":-0.002646270440891385},"rotation":{"x":-0.054010115563869479,"y":0.4336419403553009,"z":-0.02604977786540985,"w":-0.8990878462791443},"size":7.2299370765686039,"orthographic":true}